accuracy,precision,recall,f1,auc
0.797676543532176,0.453561016243232,0.8206480783722683,0.5842274678111588,0.8810982653870489
